Face ID,Name
2,Aditya
2,Unknown
2,Aditya
2,Unknown
2,Aditya
2,Unknown
2,Aditya
2,Unknown
2,Unknown
2,Unknown
2,Unknown
2,Aditya
2,Aditya
2,Unknown
1,Unknown
1,Unknown
2,Unknown
2,Aditya
2,Aditya
2,Aditya
2,Unknown
2,Aditya
2,Unknown
2,Aditya
2,Unknown
2,Aditya
2,Unknown
2,Aditya
2,Unknown
2,Aditya
2,Unknown
2,Aditya
2,Unknown
2,Aditya
2,Unknown
2,Aditya
2,Unknown
2,Unknown
2,Unknown
2,Aditya
2,Unknown
2,Aditya
2,Unknown
2,Aditya
2,Unknown
2,Unknown
2,Unknown
2,Aditya
2,Unknown
2,Aditya
2,Unknown
2,Aditya
2,Unknown
2,Aditya
2,Unknown
2,Aditya
2,Unknown
0,Malay
2,Aditya
1,Unknown
0,Malay
2,Aditya
2,Unknown
2,Aditya
2,Unknown
0,Malay
2,Aditya
2,Unknown
2,Aditya
1,Unknown
0,Malay
2,Aditya
2,Unknown
0,Malay
2,Aditya
2,Unknown
0,Malay
2,Unknown
2,Unknown
1,Unknown
2,Aditya
1,Unknown
2,Aditya
2,Aditya
1,Unknown
2,Aditya
2,Unknown
2,Aditya
2,Aditya
2,Unknown
2,Aditya
2,Aditya
2,Unknown
2,Aditya
2,Unknown
2,Unknown
2,Aditya
2,Unknown
2,Unknown
2,Aditya
2,Unknown
2,Unknown
2,Aditya
2,Unknown
2,Unknown
2,Unknown
2,Unknown
2,Unknown
2,Unknown
2,Unknown
2,Unknown
2,Unknown
2,Unknown
2,Unknown
2,Unknown
2,Unknown
0,Malay
2,Unknown
2,Unknown
2,Unknown
2,Unknown
2,Unknown
2,Unknown
2,Unknown
0,Unknown
2,Aditya
2,Unknown
2,Unknown
0,Unknown
0,Unknown
2,Aditya
2,Aditya
0,Unknown
2,Unknown
0,Unknown
2,Aditya
0,Unknown
2,Unknown
0,Unknown
2,Unknown
0,Malay
0,Malay
2,Unknown
0,Malay
0,Malay
2,Unknown
0,Malay
2,Unknown
0,Unknown
2,Aditya
2,Aditya
0,Malay
2,Aditya
0,Unknown
2,Unknown
0,Unknown
0,Malay
2,Aditya
0,Unknown
0,Malay
2,Aditya
2,Unknown
2,Unknown
2,Unknown
2,Unknown
2,Unknown
2,Unknown
2,Unknown
2,Aditya
2,Unknown
2,Unknown
2,Aditya
2,Unknown
2,Aditya
2,Unknown
2,Aditya
2,Unknown
2,Unknown
2,Aditya
2,Aditya
2,Unknown
2,Aditya
1,Unknown
0,Malay
2,Unknown
2,Unknown
2,Unknown
1,Unknown
2,Unknown
2,Unknown
2,Unknown
2,Unknown
2,Unknown
1,Unknown
2,Unknown
2,Unknown
2,Unknown
2,Aditya
2,Unknown
2,Unknown
2,Unknown
1,Aman
1,Unknown
2,Unknown
0,Malay
1,Unknown
2,Unknown
0,Malay
1,Unknown
0,Unknown
0,Malay
1,Unknown
0,Malay
0,Malay
2,Unknown
0,Malay
0,Malay
1,Unknown
0,Malay
0,Malay
0,Malay
1,Unknown
0,Malay
0,Malay
0,Malay
0,Malay
0,Malay
1,Unknown
0,Malay
0,Malay
0,Malay
0,Malay
0,Malay
0,Malay
1,Unknown
0,Malay
0,Malay
0,Unknown
0,Malay
0,Unknown
0,Malay
1,Unknown
0,Unknown
0,Malay
1,Unknown
0,Unknown
0,Malay
2,Unknown
1,Unknown
0,Malay
1,Unknown
2,Unknown
0,Malay
2,Unknown
1,Unknown
0,Malay
2,Unknown
1,Unknown
0,Malay
1,Unknown
2,Unknown
0,Malay
1,Unknown
2,Unknown
0,Malay
1,Unknown
2,Unknown
0,Malay
1,Unknown
2,Unknown
0,Malay
1,Unknown
0,Malay
1,Unknown
2,Unknown
1,Unknown
0,Malay
2,Unknown
2,Unknown
0,Malay
2,Unknown
2,Aditya
2,Unknown
2,Unknown
2,Unknown
2,Aditya
2,Unknown
2,Aditya
2,Unknown
2,Aditya
0,Malay
2,Unknown
2,Aditya
0,Malay
2,Unknown
2,Unknown
0,Malay
2,Unknown
2,Unknown
2,Unknown
2,Unknown
2,Unknown
2,Unknown
2,Unknown
2,Aditya
2,Unknown
2,Unknown
2,Unknown
2,Unknown
2,Unknown
0,Malay
2,Unknown
2,Unknown
2,Unknown
2,Unknown
1,Unknown
2,Unknown
1,Unknown
2,Unknown
2,Unknown
2,Unknown
2,Unknown
2,Unknown
2,Unknown
2,Unknown
2,Unknown
2,Unknown
2,Unknown
2,Unknown
2,Unknown
0,Malay
2,Unknown
2,Unknown
0,Unknown
0,Unknown
0,Unknown
0,Unknown
0,Unknown
0,Unknown
0,Malay
0,Unknown
0,Malay
2,Unknown
0,Malay
2,Unknown
0,Malay
2,Unknown
2,Unknown
2,Unknown
2,Unknown
2,Unknown
2,Unknown
0,Malay
2,Unknown
2,Aditya
2,Unknown
0,Malay
2,Aditya
2,Unknown
0,Malay
2,Unknown
2,Unknown
2,Unknown
2,Unknown
2,Aditya
2,Aditya
2,Aditya
0,Malay
2,Aditya
2,Aditya
2,Aditya
2,Unknown
2,Aditya
2,Unknown
2,Aditya
2,Unknown
2,Aditya
2,Unknown
2,Aditya
2,Unknown
2,Aditya
2,Unknown
2,Aditya
2,Unknown
2,Aditya
2,Unknown
2,Aditya
2,Unknown
2,Aditya
2,Aditya
2,Aditya
2,Unknown
0,Malay
2,Unknown
2,Unknown
2,Unknown
0,Unknown
2,Unknown
2,Unknown
2,Unknown
2,Unknown
2,Unknown
0,Unknown
2,Unknown
0,Unknown
2,Unknown
2,Unknown
2,Unknown
2,Unknown
2,Unknown
0,Unknown
2,Unknown
1,Unknown
2,Unknown
1,Unknown
2,Unknown
2,Unknown
2,Unknown
2,Unknown
2,Unknown
2,Unknown
2,Unknown
2,Unknown
2,Unknown
2,Unknown
2,Aditya
0,Unknown
2,Aditya
2,Aditya
2,Unknown
2,Unknown
2,Aditya
2,Unknown
2,Aditya
2,Unknown
2,Aditya
2,Unknown
2,Aditya
2,Unknown
2,Unknown
2,Unknown
2,Unknown
2,Unknown
2,Unknown
2,Unknown
2,Unknown
2,Unknown
2,Unknown
2,Unknown
2,Unknown
2,Unknown
2,Unknown
2,Unknown
2,Aditya
2,Unknown
2,Unknown
2,Unknown
2,Unknown
2,Unknown
2,Unknown
2,Unknown
2,Unknown
2,Unknown
2,Unknown
2,Unknown
2,Unknown
2,Unknown
2,Aditya
2,Unknown
2,Unknown
2,Unknown
2,Unknown
2,Unknown
2,Unknown
2,Unknown
2,Aditya
2,Aditya
2,Aditya
2,Aditya
2,Aditya
2,Aditya
2,Unknown
2,Aditya
2,Unknown
2,Unknown
2,Aditya
